{
    "rmse": 0.058327195293747386,
    "mae": 0.04577343419772995,
    "adj_r2": 0.8263225491546795
}