{
    "rmse": 0.0605199091461145,
    "mae": 0.04241352875099026,
    "r2": 0.8208968507064082
}