{
    "rmse": 0.057901140001539446,
    "mae": 0.04485735531709894,
    "adj_r2": 0.8270361873692922
}